Model,MAE,RMSE
ARIMA,6910390.9162063785,7567086.103054329
Prophet,6901725.716767605,8335014.366483907
LSTM,6510116.0,6849695.960555142
